market,date,open_interest,commercial_net_pct,commercial_net_pct_percentile,small_spec_net_pct,small_spec_net_pct_percentile,divergence,divergence_percentile
LEAN HOGS,2026-09-29,289843,0.24831374226736544,100.0,0.014694162011847794,100.0,0.23361958025551766,99.35897435897436
GBP/USD,2026-09-29,251740,0.40073885755144195,98.71794871794873,-0.03895686025264161,15.384615384615385,0.43969571780408356,98.71794871794873
RUSSELL 2000,2026-09-29,428048,0.16402833327103503,94.87179487179486,0.01688595671513475,37.82051282051282,0.1471423765559003,94.87179487179486
EUR/USD,2026-09-29,853959,0.04751633275133818,91.02564102564102,0.026557481096867647,5.769230769230769,0.020958851654470534,92.94871794871796
COFFEE,2026-09-29,154908,-0.09381051979239291,90.38461538461539,0.00671366230278617,27.564102564102566,-0.10052418209517908,90.38461538461539
T-BONDS,2026-09-29,1879173,0.05763599200286509,88.46153846153845,0.04180934911261496,38.46153846153847,0.015826642890250125,89.1025641025641
LIVE CATTLE,2026-09-29,293639,-0.10214242658502447,90.38461538461539,-0.017623680778098276,91.02564102564102,-0.0845187458069262,87.17948717948718
COCOA,2026-09-29,183888,0.0696402157835204,83.33333333333334,0.007140215783520404,28.205128205128204,0.0625,82.6923076923077
USD/MXN,2026-09-29,274821,-0.1986638575654699,80.76923076923077,0.007987017003795198,27.564102564102566,-0.2066508745692651,80.12820512820514
VIX,2026-09-29,421113,0.185054842761919,82.05128205128204,0.0039918026752914304,77.56410256410257,0.18106304008662757,78.84615384615384
CRUDE OIL,2026-09-29,1878576,-0.0759181422524295,78.84615384615384,0.01764900648150514,74.35897435897436,-0.09356714873393464,77.56410256410257
10Y NOTES,2026-09-29,5676556,0.15006317210646739,67.94871794871796,0.008592005434280927,26.282051282051285,0.14147116667218645,74.35897435897436
PLATINUM,2026-09-29,64046,-0.26618368047965524,62.17948717948718,0.05556943446897542,17.307692307692307,-0.3217531149486307,66.02564102564102
FEEDER CATTLE,2026-09-29,62168,0.06516214129455669,69.23076923076923,-0.03168832840046326,84.61538461538461,0.09685046969501995,58.97435897435898
SILVER,2026-09-29,107047,-0.3737610582267602,67.3076923076923,0.1674684951469915,92.3076923076923,-0.5412295533737517,53.205128205128204
S&P 500,2026-09-29,1895922,0.018608887918384828,64.74358974358975,0.056551904561474575,73.71794871794873,-0.037943016643089744,52.56410256410257
PALLADIUM,2026-09-29,18602,0.25249973121169766,45.51282051282051,0.060638641006343405,68.58974358974359,0.19186109020535425,43.58974358974359
AUD/USD,2026-09-29,309800,0.1496061975468044,40.38461538461539,0.054522272433828275,64.1025641025641,0.09508392511297613,41.02564102564102
NZD/USD,2026-09-29,114777,0.16548611655645296,35.8974358974359,-0.014628366310323496,52.56410256410257,0.18011448286677645,34.61538461538461
USD/CAD,2026-09-29,347274,0.25790586107799607,26.923076923076923,-0.031367162528723715,23.717948717948715,0.2892730236067198,32.05128205128205
USD/JPY,2026-09-29,360720,-0.1552034819250388,28.846153846153843,0.0015108671545797294,41.66666666666667,-0.15671434907961854,30.128205128205128
HEATING OIL,2026-09-29,238533,-0.12703902604671052,23.076923076923077,0.07635002284799168,76.92307692307693,-0.20338904889470222,28.846153846153843
USD/CHF,2026-09-29,133872,0.29983865184653996,14.102564102564102,-0.11595404565555158,34.61538461538461,0.4157926975020915,25.0
COTTON,2026-09-29,389494,-0.2681453372837579,21.153846153846153,0.020097870570535106,76.92307692307693,-0.28824320785429297,21.153846153846153
DOW JONES,2026-09-29,88098,-0.1796635564939045,23.717948717948715,0.06792435696610592,89.1025641025641,-0.2475879134600104,14.743589743589745
GASOLINE,2026-09-29,342854,-0.22805334048895448,14.743589743589745,0.037794513116370235,88.46153846153845,-0.2658478536053247,13.461538461538462
COPPER,2026-09-29,301201,-0.31487611262910814,5.769230769230769,0.03130799698540177,48.717948717948715,-0.3461841096145099,9.615384615384617
SOYBEAN OIL,2026-09-29,549820,-0.20900294641882797,8.333333333333332,0.023731403004619695,99.35897435897436,-0.23273434942344767,7.6923076923076925
WHEAT,2026-09-29,483142,0.027840676240111602,8.333333333333332,0.00623212223321508,88.46153846153845,0.021608554006896524,7.6923076923076925
SOYBEANS,2026-09-29,1090227,-0.21369402885821026,6.41025641025641,-0.021919288368385668,46.794871794871796,-0.1917747404898246,6.41025641025641
GOLD,2026-09-29,406456,-0.6174518275040841,7.6923076923076925,0.07955350640659752,71.15384615384616,-0.6970053339106816,6.41025641025641
SUGAR,2026-09-29,1099176,-0.20280737570689317,6.41025641025641,0.04956349119704215,94.87179487179486,-0.2523708669039353,5.769230769230769
CORN,2026-09-29,1857317,-0.24148166414241617,3.205128205128205,-0.03283930529898774,17.94871794871795,-0.20864235884342844,3.205128205128205
2Y NOTES,2026-09-29,4530145,0.16600285421327574,0.641025641025641,0.00883128464982909,3.205128205128205,0.15717156956344663,3.205128205128205
5Y NOTES,2026-09-29,6789241,0.14064723877087293,1.282051282051282,0.00601142307365433,8.333333333333332,0.1346358156972186,1.282051282051282
NASDAQ 100,2026-09-29,270554,-0.22764771542834333,1.282051282051282,0.038232663350015156,58.333333333333336,-0.26588037877835846,0.641025641025641
NATURAL GAS,2026-09-29,395231,-0.6735453443682302,0.641025641025641,0.0021506410175315196,41.02564102564102,-0.6756959853857617,0.641025641025641
SOYBEAN MEAL,2026-09-29,629109,-0.37573139153946294,0.641025641025641,0.03162409057889809,36.53846153846153,-0.40735548211836103,0.641025641025641
