market,category,key_market,date,open_interest,commercial_long,commercial_short,commercial_net,commercial_net_pct,commercial_percentile,small_spec_long,small_spec_short,small_spec_net,small_spec_net_pct,small_spec_percentile,large_spec_net,large_spec_net_pct,divergence,divergence_percentile,signal
GOLD,metals,True,2026-09-29,406456,58831,309798,-250967,-0.6174518275040841,7.6923076923076925,48784,16449,32335,0.07955350640659752,71.15384615384616,218632,0.5378983210974866,-0.6970053339106816,6.41025641025641,STRONG BEAR
SILVER,metals,True,2026-09-29,107047,34095,74105,-40010,-0.3737610582267602,67.3076923076923,27135,9208,17927,0.1674684951469915,92.3076923076923,22083,0.2062925630797687,-0.5412295533737517,53.205128205128204,Neutral
COPPER,metals,True,2026-09-29,301201,93132,187973,-94841,-0.31487611262910814,5.769230769230769,17830,8400,9430,0.03130799698540177,48.717948717948715,85411,0.2835681156437064,-0.3461841096145099,9.615384615384617,STRONG BEAR
PLATINUM,metals,False,2026-09-29,64046,18638,35686,-17048,-0.26618368047965524,62.17948717948718,7215,3656,3559,0.05556943446897542,17.307692307692307,13489,0.21061424601067982,-0.3217531149486307,66.02564102564102,Neutral
PALLADIUM,metals,False,2026-09-29,18602,8383,3686,4697,0.25249973121169766,45.51282051282051,2760,1632,1128,0.060638641006343405,68.58974358974359,-5825,-0.3131383722180411,0.19186109020535425,43.58974358974359,Neutral
CRUDE OIL,energy,True,2026-09-29,1878576,873637,1016255,-142618,-0.0759181422524295,78.84615384615384,79850,46695,33155,0.01764900648150514,74.35897435897436,109463,0.05826913577092436,-0.09356714873393464,77.56410256410257,Lean Bull
NATURAL GAS,energy,True,2026-09-29,395231,99474,365680,-266206,-0.6735453443682302,0.641025641025641,9633,8783,850,0.0021506410175315196,41.02564102564102,265356,0.6713947033506987,-0.6756959853857617,0.641025641025641,STRONG BEAR
GASOLINE,energy,False,2026-09-29,342854,146275,224464,-78189,-0.22805334048895448,14.743589743589745,25684,12726,12958,0.037794513116370235,88.46153846153845,65231,0.19025882737258426,-0.2658478536053247,13.461538461538462,Lean Bear
HEATING OIL,energy,False,2026-09-29,238533,105753,136056,-30303,-0.12703902604671052,23.076923076923077,47772,29560,18212,0.07635002284799168,76.92307692307693,12091,0.050689003198718836,-0.20338904889470222,28.846153846153843,Neutral
S&P 500,indices,True,2026-09-29,1895922,1410900,1375619,35281,0.018608887918384828,64.74358974358975,246863,139645,107218,0.056551904561474575,73.71794871794873,-142499,-0.0751607924798594,-0.037943016643089744,52.56410256410257,Neutral
NASDAQ 100,indices,True,2026-09-29,270554,142377,203968,-61591,-0.22764771542834333,1.282051282051282,39998,29654,10344,0.038232663350015156,58.333333333333336,51247,0.18941505207832818,-0.26588037877835846,0.641025641025641,STRONG BEAR
DOW JONES,indices,False,2026-09-29,88098,51108,66936,-15828,-0.1796635564939045,23.717948717948715,14283,8299,5984,0.06792435696610592,89.1025641025641,9844,0.1117391995277986,-0.2475879134600104,14.743589743589745,Lean Bear
RUSSELL 2000,indices,False,2026-09-29,428048,298415,228203,70212,0.16402833327103503,94.87179487179486,30027,22799,7228,0.01688595671513475,37.82051282051282,-77440,-0.18091428998616976,0.1471423765559003,94.87179487179486,STRONG BULL
VIX,indices,False,2026-09-29,421113,218575,140646,77929,0.185054842761919,82.05128205128204,25744,24063,1681,0.0039918026752914304,77.56410256410257,-79610,-0.18904664543721045,0.18106304008662757,78.84615384615384,Lean Bull
T-BONDS,fixed_income,True,2026-09-29,1879173,1423264,1314956,108308,0.05763599200286509,88.46153846153845,241487,162920,78567,0.04180934911261496,38.46153846153847,-186875,-0.09944534111548005,0.015826642890250125,89.1025641025641,Lean Bull
10Y NOTES,fixed_income,True,2026-09-29,5676556,4421603,3569761,851842,0.15006317210646739,67.94871794871796,445450,396677,48773,0.008592005434280927,26.282051282051285,-900615,-0.1586551775407483,0.14147116667218645,74.35897435897436,Neutral
2Y NOTES,fixed_income,False,2026-09-29,4530145,3374301,2622284,752017,0.16600285421327574,0.641025641025641,214276,174269,40007,0.00883128464982909,3.205128205128205,-792024,-0.1748341388631048,0.15717156956344663,3.205128205128205,STRONG BEAR
5Y NOTES,fixed_income,False,2026-09-29,6789241,5408155,4453267,954888,0.14064723877087293,1.282051282051282,417352,376539,40813,0.00601142307365433,8.333333333333332,-995701,-0.14665866184452725,0.1346358156972186,1.282051282051282,STRONG BEAR
EUR/USD,currencies,True,2026-09-29,853959,503847,463270,40577,0.04751633275133818,91.02564102564102,80065,57386,22679,0.026557481096867647,5.769230769230769,-63256,-0.07407381384820583,0.020958851654470534,92.94871794871796,STRONG BULL
USD/JPY,currencies,True,2026-09-29,360720,144855,200840,-55985,-0.1552034819250388,28.846153846153843,34967,34422,545,0.0015108671545797294,41.66666666666667,55440,0.1536926147704591,-0.15671434907961854,30.128205128205128,Neutral
GBP/USD,currencies,True,2026-09-29,251740,183786,82904,100882,0.40073885755144195,98.71794871794873,24496,34303,-9807,-0.03895686025264161,15.384615384615385,-91075,-0.36178199729880034,0.43969571780408356,98.71794871794873,STRONG BULL
USD/CHF,currencies,False,2026-09-29,133872,94396,54256,40140,0.29983865184653996,14.102564102564102,9312,24835,-15523,-0.11595404565555158,34.61538461538461,-24617,-0.1838846061909884,0.4157926975020915,25.0,Lean Bear
USD/CAD,currencies,False,2026-09-29,347274,229952,140388,89564,0.25790586107799607,26.923076923076923,28098,38991,-10893,-0.031367162528723715,23.717948717948715,-78671,-0.22653869854927233,0.2892730236067198,32.05128205128205,Neutral
AUD/USD,currencies,False,2026-09-29,309800,165187,118839,46348,0.1496061975468044,40.38461538461539,33612,16721,16891,0.054522272433828275,64.1025641025641,-63239,-0.20412846998063267,0.09508392511297613,41.02564102564102,Neutral
NZD/USD,currencies,False,2026-09-29,114777,83791,64797,18994,0.16548611655645296,35.8974358974359,4260,5939,-1679,-0.014628366310323496,52.56410256410257,-17315,-0.15085775024612946,0.18011448286677645,34.61538461538461,Neutral
USD/MXN,currencies,False,2026-09-29,274821,152882,207479,-54597,-0.1986638575654699,80.76923076923077,5629,3434,2195,0.007987017003795198,27.564102564102566,52402,0.1906768405616747,-0.2066508745692651,80.12820512820514,Lean Bull
CORN,grains,True,2026-09-29,1857317,717634,1166142,-448508,-0.24148166414241617,3.205128205128205,133051,194044,-60993,-0.03283930529898774,17.94871794871795,509501,0.27432096944140394,-0.20864235884342844,3.205128205128205,STRONG BEAR
SOYBEANS,grains,True,2026-09-29,1090227,486862,719837,-232975,-0.21369402885821026,6.41025641025641,49913,73810,-23897,-0.021919288368385668,46.794871794871796,256872,0.23561331722659593,-0.1917747404898246,6.41025641025641,STRONG BEAR
WHEAT,grains,True,2026-09-29,483142,176178,162727,13451,0.027840676240111602,8.333333333333332,34862,31851,3011,0.00623212223321508,88.46153846153845,-16462,-0.034072798473326685,0.021608554006896524,7.6923076923076925,STRONG BEAR
SOYBEAN OIL,grains,False,2026-09-29,549820,247899,362813,-114914,-0.20900294641882797,8.333333333333332,32629,19581,13048,0.023731403004619695,99.35897435897436,101866,0.1852715434142083,-0.23273434942344767,7.6923076923076925,STRONG BEAR
SOYBEAN MEAL,grains,False,2026-09-29,629109,208727,445103,-236376,-0.37573139153946294,0.641025641025641,45504,25609,19895,0.03162409057889809,36.53846153846153,216481,0.34410730096056485,-0.40735548211836103,0.641025641025641,STRONG BEAR
COFFEE,softs,True,2026-09-29,154908,70808,85340,-14532,-0.09381051979239291,90.38461538461539,7381,6341,1040,0.00671366230278617,27.564102564102566,13492,0.08709685748960673,-0.10052418209517908,90.38461538461539,STRONG BULL
SUGAR,softs,True,2026-09-29,1099176,458294,681215,-222921,-0.20280737570689317,6.41025641025641,100598,46119,54479,0.04956349119704215,94.87179487179486,168442,0.15324388450985102,-0.2523708669039353,5.769230769230769,STRONG BEAR
COCOA,softs,False,2026-09-29,183888,98883,86077,12806,0.0696402157835204,83.33333333333334,10433,9120,1313,0.007140215783520404,28.205128205128204,-14119,-0.07678043156704081,0.0625,82.6923076923077,Lean Bull
COTTON,softs,False,2026-09-29,389494,164936,269377,-104441,-0.2681453372837579,21.153846153846153,16746,8918,7828,0.020097870570535106,76.92307692307693,96613,0.2480474667132228,-0.28824320785429297,21.153846153846153,Lean Bear
LIVE CATTLE,meats,False,2026-09-29,293639,112589,142582,-29993,-0.10214242658502447,90.38461538461539,25648,30823,-5175,-0.017623680778098276,91.02564102564102,35168,0.11976610736312275,-0.0845187458069262,87.17948717948718,Lean Bull
LEAN HOGS,meats,False,2026-09-29,289843,113621,41649,71972,0.24831374226736544,100.0,23544,19285,4259,0.014694162011847794,100.0,-76231,-0.2630079042792132,0.23361958025551766,99.35897435897436,STRONG BULL
FEEDER CATTLE,meats,False,2026-09-29,62168,16034,11983,4051,0.06516214129455669,69.23076923076923,9596,11566,-1970,-0.03168832840046326,84.61538461538461,-2081,-0.03347381289409342,0.09685046969501995,58.97435897435898,Neutral
