market,date,signal,strength,commercial_net_pct,small_spec_net_pct,divergence,divergence_percentile,description
LEAN HOGS,2026-09-29,BULLISH,WEAK,0.24831374226736544,0.014694162011847794,0.23361958025551766,99.35483870967742,Weak bullish: Divergence at 99th percentile
NASDAQ 100,2026-09-29,BEARISH,WEAK,-0.22764771542834333,0.038232663350015156,-0.26588037877835846,0.6451612903225806,Weak bearish: Divergence at 1th percentile
NATURAL GAS,2026-09-29,BEARISH,WEAK,-0.6735453443682302,0.0021506410175315196,-0.6756959853857617,0.6451612903225806,Weak bearish: Divergence at 1th percentile
SOYBEAN MEAL,2026-09-29,BEARISH,WEAK,-0.37573139153946294,0.03162409057889809,-0.40735548211836103,0.6451612903225806,Weak bearish: Divergence at 1th percentile
5Y NOTES,2026-09-29,BEARISH,WEAK,0.14064723877087293,0.00601142307365433,0.1346358156972186,1.2903225806451613,Weak bearish: Divergence at 1th percentile
GBP/USD,2026-09-29,BULLISH,MODERATE,0.40073885755144195,-0.03895686025264161,0.43969571780408356,98.70967741935483,"Moderate bullish: Commercials at 99th percentile, Small specs at 15th percentile"
2Y NOTES,2026-09-29,BEARISH,WEAK,0.16600285421327574,0.00883128464982909,0.15717156956344663,3.225806451612903,Weak bearish: Divergence at 3th percentile
CORN,2026-09-29,BEARISH,WEAK,-0.24148166414241617,-0.03283930529898774,-0.20864235884342844,3.225806451612903,Weak bearish: Divergence at 3th percentile
RUSSELL 2000,2026-09-29,BULLISH,WEAK,0.16402833327103503,0.01688595671513475,0.1471423765559003,94.83870967741936,Weak bullish: Divergence at 95th percentile
SUGAR,2026-09-29,BEARISH,STRONG,-0.20280737570689317,0.04956349119704215,-0.2523708669039353,5.161290322580645,"Strong bearish: Commercials at 6th percentile (net short), Small specs at 95th percentile (net long)"
GOLD,2026-09-29,BEARISH,WEAK,-0.6174518275040841,0.07955350640659752,-0.6970053339106816,6.451612903225806,Weak bearish: Divergence at 6th percentile
SOYBEANS,2026-09-29,BEARISH,WEAK,-0.21369402885821026,-0.021919288368385668,-0.1917747404898246,6.451612903225806,Weak bearish: Divergence at 6th percentile
EUR/USD,2026-09-29,BULLISH,STRONG,0.04751633275133818,0.026557481096867647,0.020958851654470534,92.90322580645162,"Strong bullish: Commercials at 91th percentile (net long), Small specs at 6th percentile (net short)"
SOYBEAN OIL,2026-09-29,BEARISH,STRONG,-0.20900294641882797,0.023731403004619695,-0.23273434942344767,7.741935483870968,"Strong bearish: Commercials at 8th percentile (net short), Small specs at 99th percentile (net long)"
WHEAT,2026-09-29,BEARISH,MODERATE,0.027840676240111602,0.00623212223321508,0.021608554006896524,7.741935483870968,"Moderate bearish: Commercials at 8th percentile, Small specs at 89th percentile"
COFFEE,2026-09-29,BULLISH,WEAK,-0.09381051979239291,0.00671366230278617,-0.10052418209517908,90.96774193548387,Weak bullish: Divergence at 91th percentile
COPPER,2026-09-29,BEARISH,WEAK,-0.31487611262910814,0.03130799698540177,-0.3461841096145099,9.67741935483871,Weak bearish: Divergence at 10th percentile
GASOLINE,2026-09-29,BEARISH,MODERATE,-0.22805334048895448,0.037794513116370235,-0.2658478536053247,13.548387096774196,"Moderate bearish: Commercials at 15th percentile, Small specs at 88th percentile"
DOW JONES,2026-09-29,BEARISH,MODERATE,-0.1796635564939045,0.06792435696610592,-0.2475879134600104,14.838709677419354,"Moderate bearish: Commercials at 24th percentile, Small specs at 89th percentile"
COTTON,2026-09-29,BEARISH,MODERATE,-0.2681453372837579,0.020097870570535106,-0.28824320785429297,21.29032258064516,"Moderate bearish: Commercials at 21th percentile, Small specs at 77th percentile"
HEATING OIL,2026-09-29,BEARISH,MODERATE,-0.12703902604671052,0.07635002284799168,-0.20338904889470222,28.387096774193548,"Moderate bearish: Commercials at 23th percentile, Small specs at 77th percentile"
